<?xml version="1.0" encoding="utf-8"?>

<electricity_consumer>
<item>
<consumerno>1001</consumerno>
<consumername>Seema Joshi</consumername>
<emailid>seema.joshi@gmail.com</emailid>
<unitsconsumed>250</unitsconsumed>
</item>
<item>
<consumerno>1002</consumerno>
<consumername>amey Joshi</consumername>
<emailid>amey.j@cg.com</emailid>
<unitsconsumed>345</unitsconsumed>
</item>
<item>
<consumerno>1003</consumerno>
<consumername>Pravin</consumername>
<emailid>pravin.t@cg.com</emailid>
<unitsconsumed>457</unitsconsumed>
</item>
<item>
<consumerno>1004</consumerno>
<consumername>Manoj Kulkarni</consumername>
<emailid>manoj@gmail.com</emailid>
<unitsconsumed>780</unitsconsumed>
</item>
<item>
<consumerno>1005</consumerno>
<consumername>Seema Joshi</consumername>
<emailid>shrikant.shinde@gmail.com</emailid>
<unitsconsumed>90</unitsconsumed>
</item>
<item>
<consumerno>1006</consumerno>
<consumername>Seema Joshi</consumername>
<emailid>seema.joshi@gmail.com</emailid>
<unitsconsumed>720</unitsconsumed>
</item>

